"Pakistan","Province","District","Tehsil"
"Pakistan","Punjab","Bahawalnagar (Punjab)","Bahawalnagar (Punjab)"
"Pakistan","","","Chishtian (Punjab)"
"Pakistan","","","Fort Abbas (Punjab)"
"Pakistan","","","Haroonabad (Punjab)"
"Pakistan","","","Minchinabad (Punjab)"
"Pakistan","","",""
"Pakistan","","",""
"Pakistan","","",""
"Pakistan","","",""
"Pakistan","","Bahawalpur (Punjab)","Bahawalpur (Punjab)"
"Pakistan","","","Ahmadpur East (Punjab)"
"Pakistan","","","Hasilpur (Punjab)"
"Pakistan","","","Khairpur Tamewali (Punjab)"
"Pakistan","","","Yazman (Punjab)"
"Pakistan","","",""
"Pakistan","","",""
"Pakistan","","",""
"Pakistan","","Rahim Yar Khan (Punjab)","Rahim Yar Khan (Punjab)"
"Pakistan","","","Liaquatpur (Punjab)"
"Pakistan","","","Khanpur (Punjab)"
"Pakistan","","","Sadiqabad (Punjab)"
"Pakistan","","",""
"Pakistan","","",""
"Pakistan","","",""
"Pakistan","","",""
"Pakistan","","Dera Ghazi Khan (Punjab)","Dera Ghazi Khan (Punjab)"
"Pakistan","","","Kot Chutta (Punjab)"
"Pakistan","","",""
"Pakistan","","",""
"Pakistan","","",""
"Pakistan","","Layyah (Punjab)","Layyah (Punjab)"
"Pakistan","","","Chaubara (Punjab)"
"Pakistan","","","Karor Lal Esan (Punjab)"
"Pakistan","","",""
"Pakistan","","Taunsa Sharif (Punjab)","Taunsa Sharif (Punjab)"
"Pakistan","","","koh-e-Suleman (Punjab)"
"Pakistan","","","Vehova (Punjab)"
"Pakistan","","",""
"Pakistan","","Muzaffargarh (Punjab)","Muzaffargarh (Punjab)"
"Pakistan","","","Alipur (Punjab)"
"Pakistan","","","Jatoi (Punjab)"
"Pakistan","","",""
"Pakistan","","Kot Addu (Punjab)","Kot Addu (Punjab)"
"Pakistan","","","Chowk Sarwar Shaheed (Punjab)"
"Pakistan","","",""
"Pakistan","","Rajanpur (Punjab)","Rajanpur (Punjab)"
"Pakistan","","","Rojhan (Punjab)"
"Pakistan","","",""
"Pakistan","","Jampur (Punjab)","Jampur (Punjab)"
"Pakistan","","","Muhammadpur (Punjab)"
"Pakistan","","","Dajal (Punjab)"
"Pakistan","","",""
"Pakistan","","",""
"Pakistan","","",""
"Pakistan","","",""
"Pakistan","","",""
"Pakistan","","Chiniot (Punjab)","Chiniot (Punjab)"
"Pakistan","","","Bhawana (Punjab)"
"Pakistan","","","Lalian (Punjab)"
"Pakistan","","",""
"Pakistan","","",""
"Pakistan","","Faisalabad (Punjab)","Faisalabad (Punjab)"
"Pakistan","","","Jaranwala (Punjab)"
"Pakistan","","","Sammundri (Punjab)"
"Pakistan","","","Tandlianwala (Punjab)"
"Pakistan","","","Chak Jhumra (Punjab)"
"Pakistan","","",""
"Pakistan","","",""
"Pakistan","","",""
"Pakistan","","",""
"Pakistan","","",""
"Pakistan","","",""
"Pakistan","","Jhang (Punjab)","Jhang (Punjab)"
"Pakistan","","","Ahmedpur Sial (Punjab)"
"Pakistan","","","Athara Hazari (Punjab)"
"Pakistan","","","Shorkot (Punjab)"
"Pakistan","","","Mandi Shah Jeewna (Punjab)"
"Pakistan","","",""
"Pakistan","","Toba Tek Singh (Punjab)","Toba Tek Singh (Punjab)"
"Pakistan","","","Gojra (Punjab)"
"Pakistan","","","Kamalia (Punjab)"
"Pakistan","","","Pir Mahal (Punjab)"
"Pakistan","","",""
"Pakistan","","",""
"Pakistan","","",""
"Pakistan","","",""
"Pakistan","","",""
"Pakistan","","Gujranwala (Punjab)","Gujranwala (Punjab)"
"Pakistan","","","Kamoke (Punjab)"
"Pakistan","","","Nowshera Virkan (Punjab)"
"Pakistan","","",""
"Pakistan","","Wazirabad (Punjab)","Wazirabad (Punjab)"
"Pakistan","","","Ali Pur Chattha (Punjab)"
"Pakistan","","",""
"Pakistan","","",""
"Pakistan","","",""
"Pakistan","","Gujrat (Punjab)","Gujrat (Punjab)"
"Pakistan","","","Kharian (Punjab)"
"Pakistan","","","Sarai Alamgir (Punjab)"
"Pakistan","","","Jalal pur Jattan (Punjab)"
"Pakistan","","","Kunjah (Punjab)"
"Pakistan","","",""
"Pakistan","","Hafizabad (Punjab)","Hafizabad (Punjab)"
"Pakistan","","","Pindi Bhattian (Punjab)"
"Pakistan","","",""
"Pakistan","","",""
"Pakistan","","Mandi Bahauddin (Punjab)","Mandi Bahauddin (Punjab)"
"Pakistan","","","Malakwal (Punjab)"
"Pakistan","","","Phalia (Punjab)"
"Pakistan","","",""
"Pakistan","","",""
"Pakistan","","Narowal (Punjab)","Narowal (Punjab)"
"Pakistan","","","Shakargarh (Punjab)"
"Pakistan","","","Zafarwal (Punjab)"
"Pakistan","","",""
"Pakistan","","",""
"Pakistan","","Sialkot (Punjab)","Sialkot (Punjab)"
"Pakistan","","","Daska (Punjab)"
"Pakistan","","","Pasrur (Punjab)"
"Pakistan","","","Sambrial (Punjab)"
"Pakistan","","",""
"Pakistan","","",""
"Pakistan","","",""
"Pakistan","","",""
"Pakistan","","",""
"Pakistan","","",""
"Pakistan","","",""
"Pakistan","","Kasur (Punjab)","Kasur (Punjab)"
"Pakistan","","","Chunian (Punjab)"
"Pakistan","","","Kot Radha Kishan (Punjab)"
"Pakistan","","","Pattoki (Punjab)"
"Pakistan","","",""
"Pakistan","","",""
"Pakistan","","Lahore (Punjab)","Lahore (Punjab)"
"Pakistan","","","Lahore Cantt (Punjab)"
"Pakistan","","","Lahore Model Town (Punjab)"
"Pakistan","","",""
"Pakistan","","",""
"Pakistan","","",""
"Pakistan","","",""
"Pakistan","","",""
"Pakistan","","",""
"Pakistan","","",""
"Pakistan","","",""
"Pakistan","","Nankana Sahib (Punjab)","Nankana Sahib (Punjab)"
"Pakistan","","","Sangla Hill (Punjab)"
"Pakistan","","","Shahkot (Punjab)"
"Pakistan","","",""
"Pakistan","","",""
"Pakistan","","Sheikhupura (Punjab)","Sheikhupura (Punjab)"
"Pakistan","","","Firozwala (Punjab)"
"Pakistan","","","Safdarabad (Punjab)"
"Pakistan","","","Sharaqpur (Punjab)"
"Pakistan","","",""
"Pakistan","","",""
"Pakistan","","",""
"Pakistan","","",""
"Pakistan","","",""
"Pakistan","","",""
"Pakistan","","",""
"Pakistan","","",""
"Pakistan","","",""
"Pakistan","","Khanewal (Punjab)","Khanewal (Punjab)"
"Pakistan","","","Jehanian (Punjab)"
"Pakistan","","","Kabirwala (Punjab)"
"Pakistan","","","Mian Channu (Punjab)"
"Pakistan","","",""
"Pakistan","","",""
"Pakistan","","Lodhran (Punjab)","Lodhran (Punjab)"
"Pakistan","","","Dunyapur (Punjab)"
"Pakistan","","","Kahror Pakka (Punjab)"
"Pakistan","","",""
"Pakistan","","",""
"Pakistan","","Multan (Punjab)","Multan (Punjab)"
"Pakistan","","","Shujabad (Punjab)"
"Pakistan","","","Jalalpur Pirwala (Punjab)"
"Pakistan","","",""
"Pakistan","","",""
"Pakistan","","",""
"Pakistan","","",""
"Pakistan","","",""
"Pakistan","","Vehari (Punjab)","Vehari (Punjab)"
"Pakistan","","","Burewala (Punjab)"
"Pakistan","","","Mailsi (Punjab)"
"Pakistan","","",""
"Pakistan","","",""
"Pakistan","","",""
"Pakistan","","Attock (Punjab)","Attock (Punjab)"
"Pakistan","","","Fateh Jang (Punjab)"
"Pakistan","","","Hassan Abdal (Punjab)"
"Pakistan","","","Hazro (Punjab)"
"Pakistan","","","Jand (Punjab)"
"Pakistan","","","Pindi Gheb (Punjab)"
"Pakistan","","",""
"Pakistan","","",""
"Pakistan","","Chakwal (Punjab)","Chakwal (Punjab)"
"Pakistan","","","Choa Saidan Shah (Punjab)"
"Pakistan","","","Kallar Kahar (Punjab)"
"Pakistan","","",""
"Pakistan","","Talagang (Punjab)","Talagang (Punjab)"
"Pakistan","","","Lawa (Punjab)"
"Pakistan","","",""
"Pakistan","","Jhelum (Punjab)","Jhelum (Punjab)"
"Pakistan","","","Dina (Punjab)"
"Pakistan","","","Pind Dadan Khan (Punjab)"
"Pakistan","","","Sohawa (Punjab)"
"Pakistan","","",""
"Pakistan","","",""
"Pakistan","","Rawalpindi (Punjab)","Rawalpindi (Punjab)"
"Pakistan","","","Taxila (Punjab)"
"Pakistan","","","Gujar Khan (Punjab)"
"Pakistan","","","Kahuta (Punjab)"
"Pakistan","","","Kallar Syedan (Punjab)"
"Pakistan","","",""
"Pakistan","","",""
"Pakistan","","Murree (Punjab)","Murree (Punjab)"
"Pakistan","","","Kotli Sattian (Punjab)"
"Pakistan","","",""
"Pakistan","","Okara (Punjab)","Okara (Punjab)"
"Pakistan","","","Depalpur (Punjab)"
"Pakistan","","","Renala Khurd (Punjab)"
"Pakistan","","",""
"Pakistan","","",""
"Pakistan","","Pakpattan (Punjab)","Pakpattan (Punjab)"
"Pakistan","","","Arifwala (Punjab)"
"Pakistan","","",""
"Pakistan","","",""
"Pakistan","","",""
"Pakistan","","",""
"Pakistan","","Sahiwal (Punjab)","Sahiwal (Punjab)"
"Pakistan","","","Chichawatni (Punjab)"
"Pakistan","","",""
"Pakistan","","",""
"Pakistan","","",""
"Pakistan","","Bhakkar (Punjab)","Bhakkar (Punjab)"
"Pakistan","","","Darya Khan (Punjab)"
"Pakistan","","","Kalur Kot (Punjab)"
"Pakistan","","","Mankera (Punjab)"
"Pakistan","","",""
"Pakistan","","",""
"Pakistan","","Khushab (Punjab)","Khushab/Joharabad (Punjab)"
"Pakistan","","","Nurpur Thal (Punjab)"
"Pakistan","","","Quaidabad (Punjab)"
"Pakistan","","","Nowshehra/Waadi-e-Soon (Punjab)"
"Pakistan","","",""
"Pakistan","","",""
"Pakistan","","Mianwali (Punjab)","Mianwali (Punjab)"
"Pakistan","","","Isa Khel (Punjab)"
"Pakistan","","","Piplan (Punjab)"
"Pakistan","","",""
"Pakistan","","",""
"Pakistan","","Sargodha (Punjab)","Sargodha (Punjab)"
"Pakistan","","","Bhalwal (Punjab)"
"Pakistan","","","Bhera (Punjab)"
"Pakistan","","","Kot Momin (Punjab)"
"Pakistan","","","Sahiwal (Punjab)"
"Pakistan","","","Shahpur (Punjab)"
"Pakistan","","","Sillanwali (Punjab)"
"Pakistan","","",""
"Pakistan","","",""
"Pakistan","","",""
"Pakistan","Sindh","Badin (Sindh)","Badin (Sindh)"
"Pakistan","","","Golarchi (Sindh)"
"Pakistan","","","Matli (Sindh)"
"Pakistan","","","Shaheed Fazal Rahu (Sindh)"
"Pakistan","","","Talhar (Sindh)"
"Pakistan","","","Tando Bago (Sindh)"
"Pakistan","","",""
"Pakistan","","Sujawal (Sindh)","Sujawal (Sindh)"
"Pakistan","","","Jati (Sindh)"
"Pakistan","","","Kharo Chan (Sindh)"
"Pakistan","","","Mirpur Bathoro (Sindh)"
"Pakistan","","","Shah Bunder (Sindh)"
"Pakistan","","",""
"Pakistan","","Thatta (Sindh)","Thatta (Sindh)"
"Pakistan","","","Ghorabari (Sindh)"
"Pakistan","","","Keti Bunder (Sindh)"
"Pakistan","","","Mirpur Sakro (Sindh)"
"Pakistan","","",""
"Pakistan","","Dadu (Sindh)","Dadu (Sindh)"
"Pakistan","","","Johi (Sindh)"
"Pakistan","","","Khairpur Nathan Shah (Sindh)"
"Pakistan","","","Mehar (Sindh)"
"Pakistan","","",""
"Pakistan","","Hyderabad (Sindh)","Hyderabad (Sindh)"
"Pakistan","","","Latifabad (Sindh)"
"Pakistan","","","Qasimabad (Sindh)"
"Pakistan","","",""
"Pakistan","","",""
"Pakistan","","Jamshoro (Sindh)","Jamshoro (Sindh)"
"Pakistan","","","Kotri (Sindh)"
"Pakistan","","","Manjhand (Sindh)"
"Pakistan","","","Sehwan Sharif (Sindh)"
"Pakistan","","","Thano Bula Khan (Sindh)"
"Pakistan","","Matiari (Sindh)","Matiari (Sindh)"
"Pakistan","","","Hala (Sindh)"
"Pakistan","","","Saeedabad (Sindh)"
"Pakistan","","",""
"Pakistan","","",""
"Pakistan","","Tando Allahyar (Sindh)","Tando Allahyar (Sindh)"
"Pakistan","","","Chamber (Sindh)"
"Pakistan","","","Jhando Mari (Sindh)"
"Pakistan","","Tando Muhammad Khan (Sindh)","Tando Mohammad Khan (Sindh)"
"Pakistan","","","Bulri Shah Karim (Sindh)"
"Pakistan","","","Tando Ghulam Hyder (Sindh)"
"Pakistan","","",""
"Pakistan","","",""
"Pakistan","","Karachi (Sindh)","Karachi (Sindh)"
"Pakistan","","","Karachi South (Sindh)"
"Pakistan","","","Karachi West (Sindh)"
"Pakistan","","","Karachi East (Sindh)"
"Pakistan","","","Karachi Central (Sindh)"
"Pakistan","","","Karachi North (Sindh)"
"Pakistan","","","Malir (Sindh)"
"Pakistan","","",""
"Pakistan","","Jacobabad (Sindh)","Jacobabad (Sindh)"
"Pakistan","","","Garhi Khairo (Sindh)"
"Pakistan","","","Thul (Sindh)"
"Pakistan","","",""
"Pakistan","","Kashmore (Sindh)","Kashmore (Sindh)"
"Pakistan","","","Kandhkot (Sindh)"
"Pakistan","","","Tangwani (Sindh)"
"Pakistan","","",""
"Pakistan","","Larkana (Sindh)","Larkana (Sindh)"
"Pakistan","","","Bakrani (Sindh)"
"Pakistan","","","Dokri (Sindh)"
"Pakistan","","","Rato Dero (Sindh)"
"Pakistan","","",""
"Pakistan","","Kambar-Shahdadkot (Sindh)","Shahdadkot (Sindh)"
"Pakistan","","","Miro Khan (Sindh)"
"Pakistan","","","Nasirabad (Sindh)"
"Pakistan","","","Kambar (Sindh)"
"Pakistan","","","Kubo Saeed Khan (Sindh)"
"Pakistan","","","Sujawal Junejo (Sindh)"
"Pakistan","","","Warah (Sindh)"
"Pakistan","","",""
"Pakistan","","Shikarpur (Sindh)","Shikarpur (Sindh)"
"Pakistan","","","Garhi Yasin (Sindh)"
"Pakistan","","","Khanpur (Sindh)"
"Pakistan","","","Lakhi (Sindh)"
"Pakistan","","",""
"Pakistan","","Mirpur Khas (Sindh)","Mirpur Khas (Sindh)"
"Pakistan","","","Digri (Sindh)"
"Pakistan","","","Hussain Bux Marri (Sindh)"
"Pakistan","","","Jhuddo (Sindh)"
"Pakistan","","","Kot Ghulam Mohammad (Sindh)"
"Pakistan","","","Shujabad (Sindh)"
"Pakistan","","","Sindhri (Sindh)"
"Pakistan","","",""
"Pakistan","","Sanghar (Sindh)","Sanghar (Sindh)"
"Pakistan","","","Jam Nawaz Ali (Sindh)"
"Pakistan","","","Khipro (Sindh)"
"Pakistan","","","Shahdadpur (Sindh)"
"Pakistan","","","Sinjhoro (Sindh)"
"Pakistan","","","Tando Adam (Sindh)"
"Pakistan","","",""
"Pakistan","","Tharparkar (Sindh)","Chachro (Sindh)"
"Pakistan","","","Dhali (Sindh)"
"Pakistan","","","Diplo (Sindh)"
"Pakistan","","","Kaloi (Sindh)"
"Pakistan","","","Islamkot (Sindh)"
"Pakistan","","","Mithi (Sindh)"
"Pakistan","","","Nagarparkar (Sindh)"
"Pakistan","","",""
"Pakistan","","Umerkot (Sindh)","Umerkot (Sindh)"
"Pakistan","","","Kunri (Sindh)"
"Pakistan","","","Pithoro (Sindh)"
"Pakistan","","","Samaro (Sindh)"
"Pakistan","","","Uthman Kot (Sindh)"
"Pakistan","","",""
"Pakistan","","",""
"Pakistan","","",""
"Pakistan","","Ghotki (Sindh)","Ghotki (Sindh)"
"Pakistan","","","Daharki (Sindh)"
"Pakistan","","","Khangarh (Khanpur) (Sindh)"
"Pakistan","","","Mirpur Mathelo (Sindh)"
"Pakistan","","","Ubauro (Sindh)"
"Pakistan","","",""
"Pakistan","","Khairpur (Sindh)","Khairpur (Sindh)"
"Pakistan","","","Faiz Ganj (Sindh)"
"Pakistan","","","Gambat (Sindh)"
"Pakistan","","","Kingri (Sindh)"
"Pakistan","","","Kot Diji (Sindh)"
"Pakistan","","","Nara (Sindh)"
"Pakistan","","","Sobhodero (Sindh)"
"Pakistan","","","Thari Mirwah (Sindh)"
"Pakistan","","",""
"Pakistan","","Sukkur (Sindh)","Sukkur (Sindh)"
"Pakistan","","","Pano Aqil (Sindh)"
"Pakistan","","","Rohri (Sindh)"
"Pakistan","","","Salehpat (Sindh)"
"Pakistan","","",""
"Pakistan","","",""
"Pakistan","","",""
"Pakistan","","Naushahro Feroze (Sindh)","Naushahro Feroze (Sindh)"
"Pakistan","","","Bhiria (Sindh)"
"Pakistan","","","Kandioro (Sindh)"
"Pakistan","","","Mehrabpur (Sindh)"
"Pakistan","","","Moro (Sindh)"
"Pakistan","","",""
"Pakistan","","Shaheed Benazir Abad (Sindh)","Nawabshah (Sindh)"
"Pakistan","","","Daulatpur (Qazi Ahmed) (Sindh)"
"Pakistan","","","Daur (Sindh)"
"Pakistan","","","Sakrand (Sindh)"
"Pakistan","","",""
"Pakistan","Kpk","Bannu (kpk)","Bannu (kpk)"
"Pakistan","","","Domel (kpk)"
"Pakistan","","",""
"Pakistan","","Lakki Marwat (kpk)","Lakki Marwat (kpk)"
"Pakistan","","","Naurang (kpk)"
"Pakistan","","",""
"Pakistan","","",""
"Pakistan","","Dera Ismail Khan (kpk)","Dera Ismail Khan (kpk)"
"Pakistan","","","Daraban (kpk)"
"Pakistan","","","Kulachi (kpk)"
"Pakistan","","","Paharpur (kpk)"
"Pakistan","","","Paroa (kpk)"
"Pakistan","","",""
"Pakistan","","Tank (kpk)","Tank (kpk)"
"Pakistan","","",""
"Pakistan","","Abbottabad (kpk)","Abbottabad (kpk)"
"Pakistan","","","Havelian (kpk)"
"Pakistan","","",""
"Pakistan","","Batagram (kpk)","Batagram (Banna) (kpk)"
"Pakistan","","","Allai (kpk)"
"Pakistan","","",""
"Pakistan","","Haripur (kpk)","Haripur (kpk)"
"Pakistan","","","Ghazi (kpk)"
"Pakistan","","",""
"Pakistan","","Lower Kohistan (kpk)","Palas (kpk)"
"Pakistan","","","Pattan (kpk)"
"Pakistan","","",""
"Pakistan","","Mansehra (kpk)","Mansehra (kpk)"
"Pakistan","","","Balakot (kpk)"
"Pakistan","","","Oghi (kpk)"
"Pakistan","","",""
"Pakistan","","Torghar (kpk)","Tor Ghar (kpk)"
"Pakistan","","",""
"Pakistan","","Upper Kohistan (kpk)","Dassu (kpk)"
"Pakistan","","","Kandia (kpk)"
"Pakistan","","",""
"Pakistan","","",""
"Pakistan","","Hangu (kpk)","Hangu (kpk)"
"Pakistan","","","Tall (kpk)"
"Pakistan","","",""
"Pakistan","","Karak (kpk)","Karak (kpk)"
"Pakistan","","","Banda Daud Shah (kpk)"
"Pakistan","","","Takht-E-Nasrati (kpk)"
"Pakistan","","",""
"Pakistan","","Kohat (kpk)","Kohat (kpk)"
"Pakistan","","","Lachi (kpk)"
"Pakistan","","",""
"Pakistan","","Buner (kpk)","Daggar (Buner) (kpk)"
"Pakistan","","","Gagra (kpk)"
"Pakistan","","","Totalai (kpk)"
"Pakistan","","","Chamla (kpk)"
"Pakistan","","","Chagharzai (kpk)"
"Pakistan","","","Gadezai (kpk)"
"Pakistan","","",""
"Pakistan","","Chitral (kpk)","Chitral (kpk)"
"Pakistan","","","Mastuj (kpk)"
"Pakistan","","",""
"Pakistan","","Lower Dir (kpk)","Adenzai (kpk)"
"Pakistan","","","Lal Qila (kpk)"
"Pakistan","","","Samarbagh (Barwa) (kpk)"
"Pakistan","","","Temergara (kpk)"
"Pakistan","","",""
"Pakistan","","Malakand (kpk)","Sam Ranizai (kpk)"
"Pakistan","","","Swat Ranizai (kpk)"
"Pakistan","","",""
"Pakistan","","Shangla (kpk)","Alpuri (kpk)"
"Pakistan","","","Puran (kpk)"
"Pakistan","","",""
"Pakistan","","Swat (kpk)","Babuzai (Swat) (kpk)"
"Pakistan","","","Barikot (kpk)"
"Pakistan","","","Behrain (kpk)"
"Pakistan","","","Charbagh (kpk)"
"Pakistan","","","Kabal (kpk)"
"Pakistan","","","Khwaza Khela (kpk)"
"Pakistan","","","Mingora (kpk)"
"Pakistan","","","Matta Shamzai (kpk)"
"Pakistan","","",""
"Pakistan","","Upper Dir (kpk)","Dir (kpk)"
"Pakistan","","","Sharingal (kpk)"
"Pakistan","","","Wari (kpk)"
"Pakistan","","",""
"Pakistan","","Mardan (kpk)","Mardan (kpk)"
"Pakistan","","","Katlang (kpk)"
"Pakistan","","","Takht Bhai (kpk)"
"Pakistan","","","Rustam (kpk)"
"Pakistan","","",""
"Pakistan","","Swabi (kpk)","Swabi (kpk)"
"Pakistan","","","Lahor (kpk)"
"Pakistan","","","Razar (kpk)"
"Pakistan","","","Topi (kpk)"
"Pakistan","","",""
"Pakistan","","Charsadda (kpk)","Charsadda (kpk)"
"Pakistan","","","Shabqadar (kpk)"
"Pakistan","","","Tangi (kpk)"
"Pakistan","","",""
"Pakistan","","",""
"Pakistan","","Nowshera (kpk)","Nowshera (kpk)"
"Pakistan","","","Jahangira (kpk)"
"Pakistan","","","Pabbi (kpk)"
"Pakistan","","",""
"Pakistan","","Peshawar (kpk)","Peshawar (kpk)"
"Pakistan","","",""
"Pakistan","","",""
"Pakistan","","",""
"Pakistan","","",""
"Pakistan","","Awaran (kpk)","Awaran (kpk)"
"Pakistan","","","Gishkore (kpk)"
"Pakistan","","","Jhal Jhao (kpk)"
"Pakistan","","","Korak Jahoo (kpk)"
"Pakistan","","","Mashkai (kpk)"
"Pakistan","","",""
"Pakistan","Balochistan","Kalat (Balochistan)","Kalat (Balochistan)"
"Pakistan","","","Mangochar (Balochistan)"
"Pakistan","","","Surab (Balochistan)"
"Pakistan","","","Gazg (Balochistan)"
"Pakistan","","","Johan (Balochistan)"
"Pakistan","","",""
"Pakistan","","Kharan (Balochistan)","Kharan (Balochistan)"
"Pakistan","","","Sar-Kharan (Balochistan)"
"Pakistan","","","Tohumulk (Balochistan)"
"Pakistan","","",""
"Pakistan","","Khuzdar (Balochistan)","Khuzdar (Balochistan)"
"Pakistan","","","Nall (Balochistan)"
"Pakistan","","","Wadh (Balochistan)"
"Pakistan","","","Zehri (Balochistan)"
"Pakistan","","","Baghbana (Balochistan)"
"Pakistan","","","Aranji (Balochistan)"
"Pakistan","","","Greshek (Balochistan)"
"Pakistan","","","Karakh (Balochistan)"
"Pakistan","","","Moola (Balochistan)"
"Pakistan","","","Ornach (Balochistan)"
"Pakistan","","","Saroona (Balochistan)"
"Pakistan","","",""
"Pakistan","","Lasbela (Balochistan)","Bela (Balochistan)"
"Pakistan","","","Dureji (Balochistan)"
"Pakistan","","","Gaddani (Balochistan)"
"Pakistan","","","Hub (Balochistan)"
"Pakistan","","","Kanraj (Balochistan)"
"Pakistan","","","Lakhra (Balochistan)"
"Pakistan","","","Sonmiani (Winder) (Balochistan)"
"Pakistan","","","Uthal (Balochistan)"
"Pakistan","","","Liari (Balochistan)"
"Pakistan","","",""
"Pakistan","","",""
"Pakistan","","Mastung (Balochistan)","Mastung (Balochistan)"
"Pakistan","","","Dasht (Balochistan)"
"Pakistan","","","Khad Koocha (Balochistan)"
"Pakistan","","","Kirdgap (Balochistan)"
"Pakistan","","",""
"Pakistan","","Washuk (Balochistan)","Washuk (Balochistan)"
"Pakistan","","","Besima (Balochistan)"
"Pakistan","","","Mashkhel (Balochistan)"
"Pakistan","","","Nag (Balochistan)"
"Pakistan","","","Shahgori (Balochistan)"
"Pakistan","","",""
"Pakistan","","",""
"Pakistan","","",""
"Pakistan","","",""
"Pakistan","","Gwadar (Balochistan)","Gwadar (Balochistan)"
"Pakistan","","","Jiwani (Balochistan)"
"Pakistan","","","Ormara (Balochistan)"
"Pakistan","","","Pasni (Balochistan)"
"Pakistan","","","Suntsar (Balochistan)"
"Pakistan","","",""
"Pakistan","","Kech (Balochistan)","Mand (Balochistan)"
"Pakistan","","","Tump (Balochistan)"
"Pakistan","","","Turbat (Balochistan)"
"Pakistan","","","Balnigor (Balochistan)"
"Pakistan","","","Buleda (Balochistan)"
"Pakistan","","","Dasht (Balochistan)"
"Pakistan","","","Hoshab (Balochistan)"
"Pakistan","","","Zamuran (Balochistan)"
"Pakistan","","",""
"Pakistan","","Panjgur (Balochistan)","Panjgur (Balochistan)"
"Pakistan","","","Gowargo (Balochistan)"
"Pakistan","","","Paroom (Balochistan)"
"Pakistan","","","Gichk (Balochistan)"
"Pakistan","","",""
"Pakistan","","",""
"Pakistan","","",""
"Pakistan","","Jafarabad (Balochistan)","Gandakha (Balochistan)"
"Pakistan","","","Jhat Pat (Balochistan)"
"Pakistan","","","Usta Mohammad (Balochistan)"
"Pakistan","","",""
"Pakistan","","",""
"Pakistan","","Jhal Magsi (Balochistan)","Jhal Magsi (Balochistan)"
"Pakistan","","","Gandawa (Balochistan)"
"Pakistan","","","Mirpur (Balochistan)"
"Pakistan","","",""
"Pakistan","","Kachi (Balochistan)","Dhadar (Balochistan)"
"Pakistan","","","Balanari (Balochistan)"
"Pakistan","","","Khattan (Balochistan)"
"Pakistan","","","Mach (Balochistan)"
"Pakistan","","","Sanni (Balochistan)"
"Pakistan","","",""
"Pakistan","","Lehri (Balochistan)","Lehri (Balochistan)"
"Pakistan","","","Bhag (Balochistan)"
"Pakistan","","",""
"Pakistan","","Nasirabad (Balochistan)","Baba Kot (Balochistan)"
"Pakistan","","","Dera Murad Jamali (Balochistan)"
"Pakistan","","","Tamboo (Balochistan)"
"Pakistan","","","Chattar (Balochistan)"
"Pakistan","","",""
"Pakistan","","Sohbatpur (Balochistan)","Sohbatpur (Balochistan)"
"Pakistan","","","Faridabad (Balochistan)"
"Pakistan","","","Hayrvi (Balochistan)"
"Pakistan","","","Manjipur (Balochistan)"
"Pakistan","","",""
"Pakistan","","",""
"Pakistan","","",""
"Pakistan","","Chagai (Balochistan)","Chagai (Balochistan)"
"Pakistan","","","Dalbandin (Balochistan)"
"Pakistan","","","Nokundi (Balochistan)"
"Pakistan","","","Taftan (Balochistan)"
"Pakistan","","",""
"Pakistan","","",""
"Pakistan","","Killa Abdullah (Balochistan)","Killa Abdullah (Balochistan)"
"Pakistan","","","Chaman (Balochistan)"
"Pakistan","","","Gulistan (Balochistan)"
"Pakistan","","","Dobani (Balochistan)"
"Pakistan","","",""
"Pakistan","","Nushki (Balochistan)","Nushki (Balochistan)"
"Pakistan","","","Dak (Balochistan)"
"Pakistan","","",""
"Pakistan","","Pishin (Balochistan)","Pishin (Balochistan)"
"Pakistan","","","Hurramzai (Balochistan)"
"Pakistan","","","Karezat (Balochistan)"
"Pakistan","","","Saranan (Balochistan)"
"Pakistan","","","Barshore (Balochistan)"
"Pakistan","","",""
"Pakistan","","Quetta (Balochistan)","Quetta (Balochistan)"
"Pakistan","","","Chiltan (Balochistan)"
"Pakistan","","","Zarghoon (Balochistan)"
"Pakistan","","","Panjpai (Balochistan)"
"Pakistan","","",""
"Pakistan","","Dera Bugti (Balochistan)","Dera Bugti (Balochistan)"
"Pakistan","","","Phelawagh (Balochistan)"
"Pakistan","","","Sui (Balochistan)"
"Pakistan","","","Baiker (Balochistan)"
"Pakistan","","","Loti (Balochistan)"
"Pakistan","","","Malam (Balochistan)"
"Pakistan","","","Pir Koh (Balochistan)"
"Pakistan","","","Sangsillah (Balochistan)"
"Pakistan","","",""
"Pakistan","","Harnai (Balochistan)","Harnai (Balochistan)"
"Pakistan","","","Sharigh (Balochistan)"
"Pakistan","","","Khoast (Balochistan)"
"Pakistan","","",""
"Pakistan","","Kohlu (Balochistan)","Kohlu (Balochistan)"
"Pakistan","","","Kahan (Balochistan)"
"Pakistan","","","Maiwand (Balochistan)"
"Pakistan","","","Tamboo (Balochistan)"
"Pakistan","","","Grisini (Balochistan)"
"Pakistan","","",""
"Pakistan","","Sibi (Balochistan)","Sibi (Balochistan)"
"Pakistan","","","Kutmandai (Balochistan)"
"Pakistan","","","Sangan (Balochistan)"
"Pakistan","","",""
"Pakistan","","Ziarat (Balochistan)","Ziarat (Balochistan)"
"Pakistan","","","Sinjavi (Balochistan)"
"Pakistan","","",""
"Pakistan","","Barkhan (Balochistan)","Barkhan (Balochistan)"
"Pakistan","","",""
"Pakistan","","Killa Saifullah (Balochistan)","Killa Saifullah (Balochistan)"
"Pakistan","","","Loiband (Balochistan)"
"Pakistan","","","Muslim Bagh (Balochistan)"
"Pakistan","","","Badini (Balochistan)"
"Pakistan","","","Kanmetharzai (Balochistan)"
"Pakistan","","","Shinki (Balochistan)"
"Pakistan","","",""
"Pakistan","","Loralai (Balochistan)","Loralai (Balochistan)"
"Pakistan","","","Bori (Balochistan)"
"Pakistan","","","Duki (Balochistan)"
"Pakistan","","","Mekhtar (Balochistan)"
"Pakistan","","",""
"Pakistan","","Musakhel (Balochistan)","Musakhel (Balochistan)"
"Pakistan","","","Drug (Balochistan)"
"Pakistan","","","Kingri (Balochistan)"
"Pakistan","","","Toisar (Balochistan)"
"Pakistan","","",""
"Pakistan","","Sherani (Balochistan)","Sherani (Balochistan)"
"Pakistan","","",""
"Pakistan","","Zhob (Balochistan)","Zhob (Balochistan)"
"Pakistan","","","Qamar Din Karez (Balochistan)"
"Pakistan","","","Ashwat (Balochistan)"
"Pakistan","","","Kashatu (Balochistan)"
"Pakistan","","","Sambaza (Balochistan)"
"Pakistan","","",""
"Pakistan","Azad Kashmir","Kotli (Azad Kashmir)","Kotli (Azad Kashmir)"
"Pakistan","","","Charoi (Azad Kashmir)"
"Pakistan","","","Fateh Pur Thakiala (Nakial) (Azad Kashmir)"
"Pakistan","","","Khui Rtta (Azad Kashmir)"
"Pakistan","","","Sehnsa (Azad Kashmir)"
"Pakistan","","","Dulia jattian (Azad Kashmir)"
"Pakistan","","",""
"Pakistan","","Mirpur (Azad Kashmir)","Mirpur (Azad Kashmir)"
"Pakistan","","","Dudyal (Azad Kashmir)"
"Pakistan","","",""
"Pakistan","","Bhimber (Azad Kashmir)","Bhimber (Azad Kashmir)"
"Pakistan","","","Barnala (Azad Kashmir)"
"Pakistan","","","Samahni (Azad Kashmir)"
"Pakistan","","",""
"Pakistan","","",""
"Pakistan","","Jhelum Valley (Azad Kashmir)","Chikar (Azad Kashmir)"
"Pakistan","","","Hattian Bala (Azad Kashmir)"
"Pakistan","","","Lipa (Azad Kashmir)"
"Pakistan","","",""
"Pakistan","","Muzaffarabad (Azad Kashmir)","Muzaffarabad (Azad Kashmir)"
"Pakistan","","","Patehka (Nasirabad) (Azad Kashmir)"
"Pakistan","","","garhi dopatta (Garhi Dopatta) (Azad Kashmir)"
"Pakistan","","",""
"Pakistan","","Neelum (Azad Kashmir)","Ath Muqam (Azad Kashmir)"
"Pakistan","","","Sharda (Azad Kashmir)"
"Pakistan","","",""
"Pakistan","","Bagh (Azad Kashmir)","Bagh (Azad Kashmir)"
"Pakistan","","","Dheerkot (Azad Kashmir)"
"Pakistan","","","Hari Gehal (Azad Kashmir)"
"Pakistan","","",""
"Pakistan","","Haveli (Azad Kashmir)","Haveli (Azad Kashmir)"
"Pakistan","","","Khurshid Abad (Azad Kashmir)"
"Pakistan","","","Mumtazabad (Azad Kashmir)"
"Pakistan","","",""
"Pakistan","","",""
"Pakistan","","Poonch (Azad Kashmir)","Abbaspur (Azad Kashmir)"
"Pakistan","","","Hajeera (Azad Kashmir)"
"Pakistan","","","Rawalakot (Azad Kashmir)"
"Pakistan","","","Thorar (Azad Kashmir)"
"Pakistan","","",""
"Pakistan","","Sudhnoti (Azad Kashmir)","Baloch (Azad Kashmir)"
"Pakistan","","","Mang (Azad Kashmir)"
"Pakistan","","","Pallandari (Azad Kashmir)"
"Pakistan","","","Tarar Khal (Azad Kashmir)"
"Pakistan","","",""
"Pakistan","Gilgit","Ghanche (GILGIT & BALTISTAN)","Daghoni (GILGIT & BALTISTAN)"
"Pakistan","","","Khaplu (GILGIT & BALTISTAN)"
"Pakistan","","","Mashabrum (GILGIT & BALTISTAN)"
"Pakistan","","","Chorbut (GILGIT & BALTISTAN)"
"Pakistan","","","Keris (GILGIT & BALTISTAN)"
"Pakistan","","","Haldi (GILGIT & BALTISTAN)"
"Pakistan","","",""
"Pakistan","","Rondu (GILGIT & BALTISTAN)","Rondu (GILGIT & BALTISTAN)"
"Pakistan","","",""
"Pakistan","","Shigar (GILGIT & BALTISTAN)","Shigar (GILGIT & BALTISTAN)"
"Pakistan","","",""
"Pakistan","","Skardu (GILGIT & BALTISTAN)","Skardu (GILGIT & BALTISTAN)"
"Pakistan","","","Gultari (GILGIT & BALTISTAN)"
"Pakistan","","","Gamba (GILGIT & BALTISTAN)"
"Pakistan","","",""
"Pakistan","","Kharmang (GILGIT & BALTISTAN)","Kharmang (GILGIT & BALTISTAN)"
"Pakistan","","",""
"Pakistan","","Astore (GILGIT & BALTISTAN)","Astore (GILGIT & BALTISTAN)"
"Pakistan","","","Shounter (GILGIT & BALTISTAN)"
"Pakistan","","",""
"Pakistan","","",""
"Pakistan","","Darel (GILGIT & BALTISTAN)","Darel (GILGIT & BALTISTAN)"
"Pakistan","","",""
"Pakistan","","Diamir (GILGIT & BALTISTAN)","Babusar (GILGIT & BALTISTAN)"
"Pakistan","","","Chilas (GILGIT & BALTISTAN)"
"Pakistan","","",""
"Pakistan","","Tangir (GILGIT & BALTISTAN)","Tangir (GILGIT & BALTISTAN)"
"Pakistan","","",""
"Pakistan","","",""
"Pakistan","","",""
"Pakistan","","Ghizer (GILGIT & BALTISTAN)","Punial (GILGIT & BALTISTAN)"
"Pakistan","","","Ishkoman (GILGIT & BALTISTAN)"
"Pakistan","","",""
"Pakistan","","Gilgit (GILGIT & BALTISTAN)","Gilgit (GILGIT & BALTISTAN)"
"Pakistan","","","Danyor (GILGIT & BALTISTAN)"
"Pakistan","","","Juglot (GILGIT & BALTISTAN)"
"Pakistan","","",""
"Pakistan","","Gupis-Yasin (GILGIT & BALTISTAN)","Gupis (GILGIT & BALTISTAN)"
"Pakistan","","","Yasin (GILGIT & BALTISTAN)"
"Pakistan","","","Phander (GILGIT & BALTISTAN)"
"Pakistan","","",""
"Pakistan","","",""
"Pakistan","","Hunza (GILGIT & BALTISTAN)","Aliabad (GILGIT & BALTISTAN)"
"Pakistan","","","Gojal (GILGIT & BALTISTAN)"
"Pakistan","","",""
"Pakistan","","Nagar (GILGIT & BALTISTAN)","Nagar (GILGIT & BALTISTAN)"
"Pakistan","","","Chalt (GILGIT & BALTISTAN)"